drop table if exists t1;
flush status;
create table t1 (c1 int primary key, c2 int, c3 text, _id int, key idx1(c2), fulltext index ft(c3));
insert into t1 values(1,10,"aa ii uu ee oo",null);
insert into t1 values(2,20,"ka ki ku ke ko",null);
insert into t1 values(3,30,"ii si ii se ii",null);
insert into t1 values(4,40,"ta ti tu te to",null);
insert into t1 values(5,50,"aa ii uu ii oo",null);
show status like 'mroonga_fast_order_limit';
Variable_name	Value
mroonga_fast_order_limit	0
select *, match(c3) against("ii") from t1 where match(c3) against("ii") order by c1 desc;
c1	c2	c3	_id	match(c3) against("ii")
5	50	aa ii uu ii oo	5	2
3	30	ii si ii se ii	3	3
1	10	aa ii uu ee oo	1	1
show status like 'mroonga_fast_order_limit';
Variable_name	Value
mroonga_fast_order_limit	0
select *, match(c3) against("ii") from t1 where match(c3) against("ii") order by c1 desc limit 1;
c1	c2	c3	_id	match(c3) against("ii")
5	50	aa ii uu ii oo	5	2
show status like 'mroonga_fast_order_limit';
Variable_name	Value
mroonga_fast_order_limit	1
select *, match(c3) against("ii") from t1 where match(c3) against("ii") order by c1;
c1	c2	c3	_id	match(c3) against("ii")
1	10	aa ii uu ee oo	1	1
3	30	ii si ii se ii	3	3
5	50	aa ii uu ii oo	5	2
show status like 'mroonga_fast_order_limit';
Variable_name	Value
mroonga_fast_order_limit	1
select *, match(c3) against("ii") from t1 where match(c3) against("ii") order by c1 limit 1;
c1	c2	c3	_id	match(c3) against("ii")
1	10	aa ii uu ee oo	1	1
show status like 'mroonga_fast_order_limit';
Variable_name	Value
mroonga_fast_order_limit	2
select *, match(c3) against("ii") from t1 where match(c3) against("ii") order by c2 desc;
c1	c2	c3	_id	match(c3) against("ii")
5	50	aa ii uu ii oo	5	2
3	30	ii si ii se ii	3	3
1	10	aa ii uu ee oo	1	1
show status like 'mroonga_fast_order_limit';
Variable_name	Value
mroonga_fast_order_limit	2
select *, match(c3) against("ii") from t1 where match(c3) against("ii") order by c2 desc limit 1;
c1	c2	c3	_id	match(c3) against("ii")
5	50	aa ii uu ii oo	5	2
show status like 'mroonga_fast_order_limit';
Variable_name	Value
mroonga_fast_order_limit	3
select *, match(c3) against("ii") from t1 where match(c3) against("ii") order by c2;
c1	c2	c3	_id	match(c3) against("ii")
1	10	aa ii uu ee oo	1	1
3	30	ii si ii se ii	3	3
5	50	aa ii uu ii oo	5	2
show status like 'mroonga_fast_order_limit';
Variable_name	Value
mroonga_fast_order_limit	3
select *, match(c3) against("ii") from t1 where match(c3) against("ii") order by c2 limit 1;
c1	c2	c3	_id	match(c3) against("ii")
1	10	aa ii uu ee oo	1	1
show status like 'mroonga_fast_order_limit';
Variable_name	Value
mroonga_fast_order_limit	4
select c3, match(c3) against("ii") from t1 where match(c3) against("ii") order by match(c3) against("ii") desc;
c3	match(c3) against("ii")
ii si ii se ii	3
aa ii uu ii oo	2
aa ii uu ee oo	1
show status like 'mroonga_fast_order_limit';
Variable_name	Value
mroonga_fast_order_limit	4
select c3, match(c3) against("ii") from t1 where match(c3) against("ii") order by match(c3) against("ii") desc limit 1, 1;
c3	match(c3) against("ii")
aa ii uu ii oo	2
show status like 'mroonga_fast_order_limit';
Variable_name	Value
mroonga_fast_order_limit	5
select c3, match(c3) against("ii") from t1 where match(c3) against("ii") order by match(c3) against("ii");
c3	match(c3) against("ii")
aa ii uu ee oo	1
aa ii uu ii oo	2
ii si ii se ii	3
show status like 'mroonga_fast_order_limit';
Variable_name	Value
mroonga_fast_order_limit	5
select c3, match(c3) against("ii") from t1 where match(c3) against("ii") order by match(c3) against("ii") limit 1;
c3	match(c3) against("ii")
aa ii uu ee oo	1
show status like 'mroonga_fast_order_limit';
Variable_name	Value
mroonga_fast_order_limit	6
select c3, _id from t1 where match(c3) against("ii") order by _id desc;
c3	_id
aa ii uu ii oo	5
ii si ii se ii	3
aa ii uu ee oo	1
show status like 'mroonga_fast_order_limit';
Variable_name	Value
mroonga_fast_order_limit	6
select c3, _id from t1 where match(c3) against("ii") order by _id desc limit 1;
c3	_id
aa ii uu ii oo	5
show status like 'mroonga_fast_order_limit';
Variable_name	Value
mroonga_fast_order_limit	7
select c3, _id from t1 where match(c3) against("ii") order by _id;
c3	_id
aa ii uu ee oo	1
ii si ii se ii	3
aa ii uu ii oo	5
show status like 'mroonga_fast_order_limit';
Variable_name	Value
mroonga_fast_order_limit	7
select c3, _id from t1 where match(c3) against("ii") order by _id limit 1;
c3	_id
aa ii uu ee oo	1
show status like 'mroonga_fast_order_limit';
Variable_name	Value
mroonga_fast_order_limit	8
select count(*) from t1 where match(c3) against("ii");
count(*)
3
show status like 'mroonga_fast_order_limit';
Variable_name	Value
mroonga_fast_order_limit	8
select *, match(c3) against("ii") from t1 where match(c3) against("ii") order by c1 desc limit 1;
c1	c2	c3	_id	match(c3) against("ii")
5	50	aa ii uu ii oo	5	2
show status like 'mroonga_fast_order_limit';
Variable_name	Value
mroonga_fast_order_limit	9
drop table t1;
