DROP TABLE IF EXISTS blobs;
CREATE TABLE blobs (
name VARCHAR(255),
value BLOB NULL,
KEY value_index(value)
) DEFAULT CHARSET=utf8mb4;
INSERT INTO blobs VALUES ('empty', '');
INSERT INTO blobs VALUES ('null', NULL);
INSERT INTO blobs VALUES ('blob', 'blob');
SELECT mroonga_command('index_column_diff --table blobs#value_index --name index');
mroonga_command('index_column_diff --table blobs#value_index --name index')
[]
SELECT name FROM blobs WHERE value = '';
name
empty
null
DROP TABLE blobs;
